{"loss": [2.724858522415161, 2.3394315242767334, 2.1719207763671875, 2.0449507236480713, 1.9285434484481812, 1.8624094724655151, 1.8055330514907837, 1.7330377101898193, 1.670341968536377, 1.6292325258255005, 1.5505841970443726, 1.4957963228225708, 1.4646310806274414, 1.4450534582138062, 1.3870172500610352, 1.3500523567199707, 1.3190617561340332, 1.2905149459838867, 1.2421554327011108, 1.2408814430236816, 1.1791062355041504, 1.1897592544555664, 1.1708264350891113, 1.1327580213546753, 1.134595274925232, 1.1122596263885498, 1.1017266511917114, 1.0629972219467163, 1.0347404479980469, 1.0184601545333862, 1.0427336692810059, 1.0024107694625854, 0.9858071208000183, 0.9579015970230103, 0.9556391835212708, 0.959776759147644, 0.9207073450088501, 0.9173393845558167, 0.9308326840400696, 0.8772923350334167, 0.9089926481246948, 0.8895826935768127, 0.8608070015907288, 0.8506234288215637, 0.8658580183982849, 0.8393288254737854, 0.8205494284629822, 0.8335212469100952, 0.800585925579071, 0.8343648910522461], "accuracy": [0.14762766659259796, 0.2618616819381714, 0.3148740828037262, 0.36162516474723816, 0.39460137486457825, 0.42145541310310364, 0.44065675139427185, 0.47015443444252014, 0.4817030727863312, 0.5002087354660034, 0.5255321860313416, 0.5412550568580627, 0.5496034622192383, 0.549742579460144, 0.5740920901298523, 0.584945023059845, 0.6020592451095581, 0.6047029495239258, 0.6194517612457275, 0.6200083494186401, 0.6310003995895386, 0.6323918104171753, 0.6450535655021667, 0.6490886211395264, 0.6521497368812561, 0.6559064984321594, 0.6566022038459778, 0.6709336042404175, 0.6810908317565918, 0.6841519474983215, 0.6847084760665894, 0.690413236618042, 0.6936134696006775, 0.7027966976165771, 0.7034924030303955, 0.701961874961853, 0.7110059857368469, 0.7210240960121155, 0.7087797522544861, 0.7271462082862854, 0.7210240960121155, 0.7242242693901062, 0.7306247353553772, 0.7343814969062805, 0.7278419137001038, 0.7306247353553772, 0.7378600239753723, 0.7448170185089111, 0.747460663318634, 0.7363294959068298], "val_loss": [3.3337645530700684, 2.969921112060547, 3.169630289077759, 2.991147518157959, 3.0108706951141357, 2.958724021911621, 2.971649408340454, 3.1910147666931152, 3.3170623779296875, 3.4152801036834717, 3.1708667278289795, 3.5775485038757324, 3.5024492740631104, 3.3981974124908447, 3.238473415374756, 3.0763754844665527, 3.0162034034729004, 3.3897769451141357, 3.1397292613983154, 3.528536319732666, 3.413508653640747, 3.421813726425171, 3.376504898071289, 3.517275333404541, 3.4107465744018555, 3.5167410373687744, 3.4852523803710938, 3.4477767944335938, 3.829817533493042, 3.8842194080352783, 3.5394649505615234, 3.8081109523773193, 3.556647300720215, 3.721574544906616, 3.7376091480255127, 3.506599187850952, 4.005904674530029, 3.924659013748169, 3.4116947650909424, 3.9722766876220703, 3.9167497158050537, 4.065761089324951, 4.071883201599121, 3.549246311187744, 4.183384418487549, 4.22128438949585, 4.602684497833252, 4.203267574310303, 4.243256568908691, 4.2456865310668945], "val_accuracy": [0.162222221493721, 0.23111110925674438, 0.23999999463558197, 0.2688888907432556, 0.3311111032962799, 0.36666667461395264, 0.3888888955116272, 0.371111124753952, 0.3977777659893036, 0.40888887643814087, 0.40888887643814087, 0.3977777659893036, 0.42222222685813904, 0.42222222685813904, 0.448888897895813, 0.4444444477558136, 0.448888897895813, 0.448888897895813, 0.47333332896232605, 0.4422222077846527, 0.46444445848464966, 0.4422222077846527, 0.41333332657814026, 0.4888888895511627, 0.46888887882232666, 0.4911110997200012, 0.4866666793823242, 0.47555556893348694, 0.4511111080646515, 0.4955555498600006, 0.4977777898311615, 0.46222221851348877, 0.4911110997200012, 0.4911110997200012, 0.4911110997200012, 0.48222222924232483, 0.47555556893348694, 0.4422222077846527, 0.5199999809265137, 0.48444443941116333, 0.5066666603088379, 0.5088889002799988, 0.4955555498600006, 0.5133333206176758, 0.5133333206176758, 0.4977777898311615, 0.504444420337677, 0.5022222399711609, 0.5244444608688354, 0.4577777683734894]}