{"loss": [2.935124397277832, 2.6874682903289795, 2.575653076171875, 2.508852243423462, 2.443817615509033, 2.414517879486084, 2.358088254928589, 2.31616473197937, 2.260510206222534, 2.2339091300964355, 2.195704698562622, 2.174431324005127, 2.13039231300354, 2.1033682823181152, 2.0835068225860596, 2.060361385345459, 2.042663097381592, 2.016677141189575, 1.9919476509094238, 1.9662185907363892, 1.9414160251617432, 1.9305368661880493, 1.9100990295410156, 1.885279893875122, 1.8720896244049072, 1.8342485427856445, 1.8239761590957642, 1.8275001049041748, 1.8255789279937744, 1.79623281955719, 1.7870315313339233, 1.7752314805984497, 1.7569628953933716, 1.7425090074539185, 1.742092251777649, 1.715876579284668, 1.706372618675232, 1.6763701438903809, 1.6988497972488403, 1.6743088960647583, 1.661698341369629, 1.671726107597351, 1.640250325202942, 1.6252180337905884, 1.6242083311080933, 1.6176807880401611, 1.6022250652313232, 1.5686452388763428, 1.593157410621643, 1.5989108085632324], "accuracy": [0.09628495573997498, 0.16001112759113312, 0.20105746388435364, 0.22791150212287903, 0.2507304847240448, 0.25810492038726807, 0.28120216727256775, 0.28871574997901917, 0.30708223581314087, 0.3177960216999054, 0.33657994866371155, 0.3382496237754822, 0.353972464799881, 0.3670516312122345, 0.3612077236175537, 0.3766523003578186, 0.3792959451675415, 0.38472241163253784, 0.39752331376075745, 0.40712398290634155, 0.41185474395751953, 0.415750652551651, 0.4218728244304657, 0.4349519908428192, 0.4356476962566376, 0.4487268626689911, 0.4484485983848572, 0.45025742053985596, 0.4490051567554474, 0.46250173449516296, 0.46055376529693604, 0.45985808968544006, 0.471684992313385, 0.4755809009075165, 0.4714066982269287, 0.4846250116825104, 0.48003339767456055, 0.4894949197769165, 0.4851815700531006, 0.49700847268104553, 0.49464309215545654, 0.490329772233963, 0.5082788467407227, 0.5134270191192627, 0.5102267861366272, 0.5135661363601685, 0.514122724533081, 0.5315152406692505, 0.5248364806175232, 0.518436074256897], "val_loss": [3.125584840774536, 3.0744831562042236, 3.104990243911743, 3.022522211074829, 3.1296184062957764, 3.044854164123535, 3.0262858867645264, 2.977837085723877, 3.0236239433288574, 2.9695558547973633, 2.999765157699585, 2.9949517250061035, 3.031547784805298, 2.9903934001922607, 3.0957038402557373, 3.025636672973633, 3.083528757095337, 2.955810308456421, 2.92893385887146, 2.907108783721924, 3.025777816772461, 3.1564137935638428, 3.0611984729766846, 2.944395065307617, 2.9753715991973877, 2.9299092292785645, 3.01983642578125, 3.012547254562378, 2.968611717224121, 3.0799500942230225, 2.9416284561157227, 2.9666695594787598, 2.941666841506958, 2.983715057373047, 2.938962697982788, 3.1122894287109375, 2.9996588230133057, 3.0760560035705566, 3.0819201469421387, 3.0879766941070557, 3.007892370223999, 3.103893756866455, 2.965147018432617, 2.9734320640563965, 3.1371777057647705, 3.038959264755249, 2.9985029697418213, 3.2226243019104004, 2.983675718307495, 2.8069121837615967], "val_accuracy": [0.12444444745779037, 0.1599999964237213, 0.19777777791023254, 0.23555555939674377, 0.23555555939674377, 0.24666666984558105, 0.2822222113609314, 0.30444443225860596, 0.2911111116409302, 0.31333333253860474, 0.30444443225860596, 0.3177777826786041, 0.31333333253860474, 0.30444443225860596, 0.324444442987442, 0.324444442987442, 0.3377777636051178, 0.3355555534362793, 0.3844444453716278, 0.3844444453716278, 0.3177777826786041, 0.3444444537162781, 0.3222222328186035, 0.36666667461395264, 0.3488888740539551, 0.36000001430511475, 0.36222222447395325, 0.35777777433395386, 0.35333332419395447, 0.3777777850627899, 0.3955555558204651, 0.40888887643814087, 0.40666666626930237, 0.3844444453716278, 0.3977777659893036, 0.36666667461395264, 0.40444445610046387, 0.40666666626930237, 0.3799999952316284, 0.3933333456516266, 0.3977777659893036, 0.3977777659893036, 0.40666666626930237, 0.41111111640930176, 0.40666666626930237, 0.41111111640930176, 0.41555556654930115, 0.3844444453716278, 0.4266666769981384, 0.42222222685813904]}