{"loss": [3.2616286277770996, 3.2536160945892334, 3.2432775497436523, 3.2089450359344482, 3.109201192855835, 2.8741977214813232, 2.6690289974212646, 2.537693977355957, 2.3805012702941895, 2.123438596725464, 1.9385417699813843, 1.8214417695999146, 1.5809872150421143, 1.4101265668869019, 1.248546838760376, 1.1289323568344116, 1.0354100465774536, 0.9587516188621521, 0.919161856174469, 0.8157511949539185, 0.6701381206512451, 0.5724602341651917, 0.6486587524414062, 0.5541897416114807, 0.5109186172485352, 0.6785432696342468, 0.4374110996723175, 0.4041001498699188, 0.4005991816520691, 0.3724213242530823, 0.41278326511383057, 0.3258078098297119, 0.2809576392173767, 0.27915477752685547, 0.3260258734226227, 0.28955191373825073, 0.2744362950325012, 0.2268109917640686, 0.2370254248380661, 0.2625412940979004, 0.23178733885288239, 0.22013147175312042, 0.2344869077205658, 0.21492844820022583, 0.25756603479385376, 0.18323969841003418, 0.19779564440250397, 0.22835643589496613, 0.23164357244968414, 0.19624479115009308], "accuracy": [0.07049180567264557, 0.07786884903907776, 0.0762295052409172, 0.07704918086528778, 0.08360655605792999, 0.10983606427907944, 0.17295081913471222, 0.1909836083650589, 0.23524589836597443, 0.30409836769104004, 0.3540983498096466, 0.38688525557518005, 0.45983606576919556, 0.507377028465271, 0.5516393184661865, 0.6024590134620667, 0.6295081973075867, 0.6639344096183777, 0.6868852376937866, 0.7131147384643555, 0.7713114619255066, 0.7934426069259644, 0.7868852615356445, 0.8155737519264221, 0.8286885023117065, 0.7795081734657288, 0.8590164184570312, 0.8680328130722046, 0.8713114857673645, 0.8770492076873779, 0.8647540807723999, 0.895901620388031, 0.9106557369232178, 0.9040983319282532, 0.8975409865379333, 0.9057376980781555, 0.9065573811531067, 0.9286885261535645, 0.9213114976882935, 0.9204918146133423, 0.9303278923034668, 0.935245931148529, 0.9311475157737732, 0.9245901703834534, 0.9254098534584045, 0.9475409984588623, 0.9368852376937866, 0.9262295365333557, 0.9278688430786133, 0.9401639103889465], "val_loss": [3.2837841510772705, 3.2568705081939697, 3.225874185562134, 3.1176979541778564, 3.1877706050872803, 2.695145845413208, 3.1143038272857666, 2.3794994354248047, 2.417786121368408, 1.9097049236297607, 1.9080390930175781, 1.3985894918441772, 1.8683583736419678, 1.8255436420440674, 1.0852466821670532, 1.226493239402771, 0.7375875115394592, 0.38081786036491394, 0.6331474184989929, 0.32045939564704895, 0.28882867097854614, 0.13724061846733093, 0.31113845109939575, 0.31135624647140503, 0.5201836228370667, 0.3784855902194977, 0.32217511534690857, 0.2667635977268219, 0.15281963348388672, 0.057238489389419556, 0.09624509513378143, 0.15539808571338654, 0.057041216641664505, 0.22061453759670258, 0.08035352826118469, 0.038018230348825455, 0.1531774401664734, 0.2805001735687256, 0.03592686727643013, 0.11549309641122818, 0.0712469220161438, 0.1131536215543747, 0.08164063096046448, 0.05592138320207596, 0.10733571648597717, 0.2545817792415619, 0.028409043326973915, 0.06340604275465012, 0.0792386382818222, 0.07239988446235657], "val_accuracy": [0.03846153989434242, 0.03846153989434242, 0.03846153989434242, 0.06923077255487442, 0.0615384615957737, 0.10769230872392654, 0.11538461595773697, 0.14615385234355927, 0.26153847575187683, 0.4153846204280853, 0.38461539149284363, 0.5538461804389954, 0.3384615480899811, 0.5, 0.6384615302085876, 0.5769230723381042, 0.6846153736114502, 0.8538461327552795, 0.7230769395828247, 0.8769230842590332, 0.9076923131942749, 0.9769230484962463, 0.8999999761581421, 0.8692307472229004, 0.800000011920929, 0.8615384697914124, 0.8846153616905212, 0.9153845906257629, 0.9076923131942749, 0.9769230484962463, 0.9615384340286255, 0.9230769276618958, 0.9769230484962463, 0.9307692050933838, 0.9538461565971375, 0.9923076629638672, 0.9384615421295166, 0.8692307472229004, 0.9923076629638672, 0.9769230484962463, 0.9846153855323792, 0.9538461565971375, 0.9615384340286255, 0.9846153855323792, 0.9769230484962463, 0.9076923131942749, 0.9846153855323792, 0.9846153855323792, 0.9846153855323792, 0.9846153855323792]}