{"loss": [3.240238666534424, 3.173565626144409, 3.143399477005005, 3.0621376037597656, 3.042771339416504, 3.0122454166412354, 2.979480743408203, 2.9774842262268066, 2.966766119003296, 2.946394205093384, 2.9049506187438965, 2.884700298309326, 2.8851025104522705, 2.8853259086608887, 2.844541549682617, 2.841202974319458, 2.8469817638397217, 2.8245649337768555, 2.818694829940796, 2.773122787475586], "accuracy": [0.05224963650107384, 0.05079825967550278, 0.059506531804800034, 0.08708272874355316, 0.09579100459814072, 0.10885340720415115, 0.11756168305873871, 0.10595065355300903, 0.12336719781160355, 0.11756168305873871, 0.14223513007164001, 0.1538461595773697, 0.1320754736661911, 0.1683599352836609, 0.15094339847564697, 0.16545718908309937, 0.14223513007164001, 0.16981132328510284, 0.15820029377937317, 0.18722786009311676], "val_loss": [3.2996060848236084, 3.245394468307495, 3.2057759761810303, 3.1738522052764893, 3.1482295989990234, 3.1306326389312744, 3.111450433731079, 3.092456340789795, 3.0770018100738525, 3.061393976211548, 3.04842209815979, 3.03924298286438, 3.0299670696258545, 3.014068365097046, 2.999882936477661, 2.9797277450561523, 2.9644088745117188, 2.954655885696411, 2.938591957092285, 2.9234845638275146], "val_accuracy": [0.02222222276031971, 0.04444444552063942, 0.04444444552063942, 0.04444444552063942, 0.04444444552063942, 0.04444444552063942, 0.07407407462596893, 0.08148147910833359, 0.0962962955236435, 0.1111111119389534, 0.1259259283542633, 0.14814814925193787, 0.1259259283542633, 0.15555556118488312, 0.15555556118488312, 0.17777778208255768, 0.16296295821666718, 0.17037037014961243, 0.17037037014961243, 0.192592591047287]}