{"loss": [-105.02812194824219, -238.3605499267578, -363.8232116699219, -498.7503967285156, -640.9405517578125, -787.7830810546875, -958.1699829101562, -1134.9830322265625, -1321.03515625, -1515.9521484375, -1736.459228515625, -1959.1407470703125, -2178.396240234375, -2418.45849609375, -2683.66064453125, -2932.212158203125, -3203.04833984375, -3489.46728515625, -3782.3427734375, -4104.1240234375], "accuracy": [0.04499274492263794, 0.04354136437177658, 0.04354136437177658, 0.04354136437177658, 0.04354136437177658, 0.04354136437177658, 0.04354136437177658, 0.04354136437177658, 0.04354136437177658, 0.04354136437177658, 0.04354136437177658, 0.04354136437177658, 0.04354136437177658, 0.04354136437177658, 0.04354136437177658, 0.04354136437177658, 0.04354136437177658, 0.04354136437177658, 0.04354136437177658, 0.04354136437177658], "val_loss": [-182.42837524414062, -303.6749267578125, -431.16461181640625, -571.7753295898438, -721.0390014648438, -879.5421142578125, -1052.755615234375, -1235.5267333984375, -1428.70458984375, -1632.0772705078125, -1851.005859375, -2076.345947265625, -2313.57373046875, -2564.01318359375, -2818.51708984375, -3088.4951171875, -3367.33203125, -3661.244140625, -3962.835693359375, -4279.74853515625], "val_accuracy": [0.04444444552063942, 0.04444444552063942, 0.04444444552063942, 0.04444444552063942, 0.04444444552063942, 0.04444444552063942, 0.04444444552063942, 0.04444444552063942, 0.04444444552063942, 0.04444444552063942, 0.04444444552063942, 0.04444444552063942, 0.04444444552063942, 0.04444444552063942, 0.04444444552063942, 0.04444444552063942, 0.04444444552063942, 0.04444444552063942, 0.04444444552063942, 0.04444444552063942]}