{"loss": [4.306337356567383, 3.194883108139038, 3.1468560695648193, 3.143613815307617, 3.132395029067993, 3.136199712753296, 3.1388914585113525, 3.1305925846099854, 3.1199533939361572, 3.1202337741851807, 3.1389873027801514, 3.139508008956909, 3.137765407562256, 3.13779878616333, 3.1383328437805176, 3.137601852416992, 3.1373612880706787, 3.1378514766693115, 3.137557029724121, 3.1507391929626465], "accuracy": [0.07402031868696213, 0.05224963650107384, 0.053701017051935196, 0.04789550229907036, 0.04789550229907036, 0.060957908630371094, 0.053701017051935196, 0.03773584961891174, 0.04789550229907036, 0.030478954315185547, 0.04499274492263794, 0.034833092242479324, 0.04354136437177658, 0.0232220608741045, 0.031930334866046906, 0.036284469068050385, 0.04354136437177658, 0.030478954315185547, 0.033381711691617966, 0.030478954315185547], "val_loss": [3.134779691696167, 3.136319398880005, 3.135823965072632, 3.1357855796813965, 3.135535717010498, 3.135615825653076, 3.135448694229126, 3.135531425476074, 3.1361777782440186, 3.135744333267212, 3.135761022567749, 3.1356234550476074, 3.1354689598083496, 3.1356887817382812, 3.1356680393218994, 3.135767936706543, 3.1357150077819824, 3.1359128952026367, 3.135758876800537, 3.1360201835632324], "val_accuracy": [0.06666667014360428, 0.04444444552063942, 0.04444444552063942, 0.04444444552063942, 0.04444444552063942, 0.04444444552063942, 0.04444444552063942, 0.04444444552063942, 0.04444444552063942, 0.04444444552063942, 0.04444444552063942, 0.04444444552063942, 0.04444444552063942, 0.04444444552063942, 0.03703703731298447, 0.04444444552063942, 0.04444444552063942, 0.03703703731298447, 0.04444444552063942, 0.04444444552063942]}